username,uid,email,avatar,provider
alicia123,10,alicia123@hotmail.com,aliciaavatar,github
johnmad,11,johnmad@hotmail.com,johnavatar,github
ssara,12,saranilsen@hotmail.com,ssaraavatar,github
josef,13,josefff@hotmail.com,josefavatar,github
johnnypham,14,johnnypham@hotmail.com,johnnyavatar,github
mattheww,15,mattheww@hotmail.com,matthewwavatar,github
danuza21,16,danuza21@hotmail.com,danuzaavatar,github
sabrinaclau,17,sabrinaclaudio@hotmail.com,sabrinaclauavatar,github
pedrobatista,18,pedrobatista@hotmail.com,pedrobatistaavatar,github
sheilamello,19,sheilamello@hotmail.com,sheilamelloavatar,github
shondaaaa,20,shondaaaa@hotmail.com,shondavatar,github